name,seed,silhouette,anatomy,physical_contact,archetype,background,notes
A.I.P Ex Vaultbreaker,751299600367585,,,,,,
A.I.P Ex Vaultbreaker,751299600367586,,,,,,
A.I.P Ex Spindle,751299600367585,,,,,,
A.I.P Ex Spindle,751299600367586,,,,,,
A.I.P Ex Bellows,751299600367585,,,,,,
A.I.P Ex Bellows,751299600367586,,,,,,
A.I.P Ex Latchwing,751299600367585,,,,,,
A.I.P Ex Latchwing,751299600367586,,,,,,
A.I.P Ex Ballast,751299600367585,,,,,,
A.I.P Ex Ballast,751299600367586,,,,,,
A.I.P Ex Glassrunner,751299600367585,,,,,,
A.I.P Ex Glassrunner,751299600367586,,,,,,
A.I.P Ex Relay,751299600367585,,,,,,
A.I.P Ex Relay,751299600367586,,,,,,
A.I.P Ex Undertow,751299600367585,,,,,,
A.I.P Ex Undertow,751299600367586,,,,,,
A.I.P Ex Cradle,751299600367585,,,,,,
A.I.P Ex Cradle,751299600367586,,,,,,
A.I.P Ex Molt,751299600367585,,,,,,
A.I.P Ex Molt,751299600367586,,,,,,
A.I.P Ex Counterweight,751299600367585,,,,,,
A.I.P Ex Counterweight,751299600367586,,,,,,
A.I.P Ex Palisade,751299600367585,,,,,,
A.I.P Ex Palisade,751299600367586,,,,,,
